iter	RMSE
0	57.08998155
75	44.30529219
150	41.48574591
225	40.19983211
300	39.30704251
375	38.65162353
450	38.08213127
499	37.70681592
